AFUB_074710-T	25_v_37,25_v_42
AFUB_062470-T	25_v_37,25_v_42
AFUB_055320-T	25_v_37,25_v_42
AFUB_041500-T	25_v_37,25_v_42
AFUB_010470-T	25_v_37,25_v_42
AFUB_053330-T	25_v_37,25_v_42
AFUB_089400-T	25_v_37,25_v_42
AFUB_050630-T	25_v_37,25_v_42
AFUB_022280-T	25_v_37,25_v_42
AFUB_074110-T	25_v_37,25_v_42
AFUB_101280-T	25_v_37,25_v_42
AFUB_090720-T	25_v_37,25_v_42
AFUB_042050-T	25_v_37,25_v_42
AFUB_058900-T	25_v_37,25_v_42
AFUB_049530-T	25_v_37,25_v_42
AFUB_079300-T	25_v_37,25_v_42
AFUB_006860-T	25_v_37,25_v_42
AFUB_072890-T	25_v_37,25_v_42
AFUB_063650-T	25_v_37,25_v_42
AFUB_077690-T	25_v_37,25_v_42
AFUB_049960-T	25_v_37,25_v_42
AFUB_050160-T	25_v_37,25_v_42
AFUB_065530-T	25_v_37,25_v_42
AFUB_054660-T	25_v_37,25_v_42
AFUB_102090-T	25_v_37,25_v_42
AFUB_006170-T	25_v_37,25_v_42
AFUB_054240-T	25_v_37,25_v_42
AFUB_036200-T	25_v_37,25_v_42
AFUB_028370-T	25_v_37,25_v_42
AFUB_024090-T	25_v_37,25_v_42
AFUB_007030-T	25_v_37,25_v_42
AFUB_016460-T	25_v_37,25_v_42
AFUB_016670-T	25_v_37,25_v_42
AFUB_057180-T	25_v_37,25_v_42
AFUB_099260-T	25_v_37,25_v_42
AFUB_023920-T	25_v_37,25_v_42
AFUB_014910-T	25_v_37,25_v_42
AFUB_021240-T	25_v_37,25_v_42
AFUB_014570-T	25_v_37,25_v_42
AFUB_079630-T	25_v_37,25_v_42
AFUB_020650-T	25_v_37,25_v_42
AFUB_100810-T	25_v_37,25_v_42
AFUB_072940-T	25_v_37,25_v_42
AFUB_005300-T	25_v_37,25_v_42
AFUB_049020-T	25_v_37,25_v_42
AFUB_049040-T	25_v_37,25_v_42
AFUB_035270-T	25_v_37,25_v_42
AFUB_085540-T	25_v_37,25_v_42
AFUB_024810-T	25_v_37,25_v_42
AFUB_021810-T	25_v_37,25_v_42
AFUB_097710-T	25_v_37,25_v_42
AFUB_070300-T	25_v_37,25_v_42
AFUB_090690-T	25_v_37,25_v_42
AFUB_029140-T	25_v_37,25_v_42
AFUB_030770-T	25_v_37,25_v_42
AFUB_070680-T	25_v_37,25_v_42
AFUB_030900-T	25_v_37,25_v_42
AFUB_028100-T	25_v_37,25_v_42
AFUB_032790-T	25_v_37,25_v_42
AFUB_010650-T	25_v_37,25_v_42
AFUB_015950-T	25_v_37,25_v_42
AFUB_086310-T	25_v_37,25_v_42
AFUB_045140-T	25_v_37,25_v_42
AFUB_005940-T	25_v_37,25_v_42
AFUB_011360-T	25_v_37,25_v_42
AFUB_017250-T	25_v_37,25_v_42
AFUB_092120-T	25_v_37,25_v_42
AFUB_004460-T	25_v_37,25_v_42
AFUB_026350-T	25_v_37,25_v_42
AFUB_100320-T	25_v_37,25_v_42
AFUB_017290-T	25_v_37,25_v_42
AFUB_099360-T	25_v_37,25_v_42
AFUB_085280-T	25_v_37,25_v_42
AFUB_090160-T	25_v_37,25_v_42
AFUB_054310-T	25_v_37,25_v_42
AFUB_037670-T	25_v_37,25_v_42
AFUB_006850-T	25_v_37,25_v_42
AFUB_058670-T	25_v_37,25_v_42
AFUB_055080-T	25_v_37,25_v_42
AFUB_081210-T	25_v_37,25_v_42
AFUB_013670-T	25_v_37,25_v_42
AFUB_005350-T	25_v_37,25_v_42
AFUB_036120-T	25_v_37,25_v_42
AFUB_020420-T	25_v_37,25_v_42
AFUB_044550-T	25_v_37,25_v_42
AFUB_074520-T	25_v_37,25_v_42
AFUB_051440-T	25_v_37,25_v_42
AFUB_057420-T	25_v_37,25_v_42
AFUB_019100-T	25_v_37,25_v_42
AFUB_008500-T	25_v_37,25_v_42
AFUB_016680-T	25_v_37,25_v_42
AFUB_077850-T	25_v_37,25_v_42
AFUB_072440-T	25_v_37,25_v_42
AFUB_065710-T	25_v_37,25_v_42
AFUB_085960-T	25_v_37,25_v_42
AFUB_097280-T	25_v_37,25_v_42
AFUB_085810-T	25_v_37,25_v_42
AFUB_004950-T	25_v_37,25_v_42
AFUB_083460-T	25_v_37,25_v_42
AFUB_033610-T	25_v_37,25_v_42
AFUB_050260-T	25_v_37,25_v_42
AFUB_003220-T	25_v_37,25_v_42
AFUB_073350-T	25_v_37,25_v_42
AFUB_062250-T	25_v_37,25_v_42
AFUB_017790-T	25_v_37,25_v_42
AFUB_014220-T	25_v_37,25_v_42
AFUB_054410-T	25_v_37,25_v_42
AFUB_057800-T	25_v_37,25_v_42
AFUB_055510-T	25_v_37,25_v_42
AFUB_059930-T	25_v_37,25_v_42
AFUB_034280-T	25_v_37,25_v_42
AFUB_035460-T	25_v_37,25_v_42
AFUB_043420-T	25_v_37,25_v_42
AFUB_005560-T	25_v_37,25_v_42
AFUB_005090-T	25_v_37,25_v_42
AFUB_003330-T	25_v_37,25_v_42
AFUB_085820-T	25_v_37,25_v_42
AFUB_083360-T	25_v_37,25_v_42
AFUB_017510-T	25_v_37,25_v_42
AFUB_016740-T	25_v_37,25_v_42
AFUB_030440-T	25_v_37,25_v_42
AFUB_038490-T	25_v_37,25_v_42
AFUB_035910-T	25_v_37,25_v_42
AFUB_003340-T	25_v_37,25_v_42
AFUB_033140-T	25_v_37,25_v_42
AFUB_090480-T	25_v_37,25_v_42
AFUB_019550-T	25_v_37,25_v_42
AFUB_085270-T	25_v_37,25_v_42
AFUB_062450-T	25_v_37,25_v_42
AFUB_081340-T	25_v_37,25_v_42
AFUB_018400-T	25_v_37,25_v_42
AFUB_019270-T	25_v_37,25_v_42
AFUB_016250-T	25_v_37,25_v_42
AFUB_049030-T	25_v_37,25_v_42
AFUB_081770-T	25_v_37,25_v_42
AFUB_085870-T	25_v_37,25_v_42
AFUB_066500-T	25_v_37,25_v_42
AFUB_054440-T	25_v_37,25_v_42
AFUB_061350-T	25_v_37,25_v_42
AFUB_055010-T	25_v_37,25_v_42
AFUB_071360-T	25_v_37,25_v_42
AFUB_036500-T	25_v_37,25_v_42
AFUB_014520-T	25_v_37,25_v_42
AFUB_048340-T	25_v_37,25_v_42
AFUB_022340-T	25_v_37,25_v_42
AFUB_094210-T	25_v_37,25_v_42
AFUB_040490-T	25_v_37,25_v_42
AFUB_066150-T	25_v_37,25_v_42
AFUB_004520-T	25_v_37,25_v_42
AFUB_089430-T	25_v_37,25_v_42
AFUB_044090-T	25_v_37,25_v_42
AFUB_041920-T	25_v_37,25_v_42
AFUB_067330-T	25_v_37,25_v_42
AFUB_090140-T	25_v_37,25_v_42
AFUB_061360-T	25_v_37,25_v_42
AFUB_009030-T	25_v_37,25_v_42
AFUB_041510-T	25_v_37,25_v_42
AFUB_000960-T	25_v_37,25_v_42
AFUB_083240-T	25_v_37,25_v_42
AFUB_005130-T	25_v_37,25_v_42
AFUB_082880-T	25_v_37,25_v_42
AFUB_037610-T	25_v_37,25_v_42
AFUB_040580-T	25_v_37,25_v_42
AFUB_094580-T	25_v_37,25_v_42
AFUB_006340-T	25_v_37,25_v_42
AFUB_002160-T	25_v_37,25_v_42
AFUB_088580-T	25_v_37,25_v_42
AFUB_045150-T	25_v_37,25_v_42
AFUB_027480-T	25_v_37,25_v_42
AFUB_046660-T	25_v_37,25_v_42
AFUB_047790-T	25_v_37,25_v_42
AFUB_024580-T	25_v_37,25_v_42
AFUB_059670-T	25_v_37,25_v_42
AFUB_093710-T	25_v_37,25_v_42
AFUB_026700-T	25_v_37,25_v_42
AFUB_005590-T	25_v_37,25_v_42
AFUB_014660-T	25_v_37,25_v_42
AFUB_067340-T	25_v_37,25_v_42
AFUB_011470-T	25_v_37,25_v_42
AFUB_050670-T	25_v_37,25_v_42
AFUB_000660-T	25_v_37,25_v_42
AFUB_009120-T	25_v_37,25_v_42
AFUB_073740-T	25_v_37,25_v_42
AFUB_036700-T	25_v_37,25_v_42
AFUB_012380-T	25_v_37,25_v_42
AFUB_063440-T	25_v_37,25_v_42
AFUB_045200-T	25_v_37,25_v_42
AFUB_028890-T	25_v_37,25_v_42
AFUB_096730-T	25_v_37,25_v_42
AFUB_014360-T	25_v_37,25_v_42
AFUB_101850-T	25_v_37,25_v_42
AFUB_049850-T	25_v_37,25_v_42
AFUB_100230-T	25_v_37,25_v_42
AFUB_046870-T	25_v_37,25_v_42
AFUB_049800-T	25_v_37,25_v_42
AFUB_040590-T	25_v_37,25_v_42
AFUB_029400-T	25_v_37,25_v_42
AFUB_060370-T	25_v_37,25_v_42
AFUB_036740-T	25_v_37,25_v_42
AFUB_052220-T	25_v_37,25_v_42
AFUB_044450-T	25_v_37,25_v_42
AFUB_059630-T	25_v_37,25_v_42
AFUB_075490-T	25_v_37,25_v_42
AFUB_095090-T	25_v_37,25_v_42
AFUB_024890-T	25_v_37,25_v_42
AFUB_030660-T	25_v_37,25_v_42
AFUB_036060-T	25_v_37,25_v_42
AFUB_099340-T	25_v_37,25_v_42
AFUB_012020-T	25_v_37,25_v_42
AFUB_095010-T	25_v_37,25_v_42
AFUB_082080-T	25_v_37,25_v_42
AFUB_089440-T	25_v_37,25_v_42
AFUB_065720-T	25_v_37,25_v_42
AFUB_090740-T	25_v_37,25_v_42
AFUB_016060-T	25_v_37,25_v_42
AFUB_090670-T	25_v_37,25_v_42
AFUB_028790-T	25_v_37,25_v_42
AFUB_059170-T	25_v_37,25_v_42
AFUB_030320-T	25_v_37,25_v_42
AFUB_028230-T	25_v_37,25_v_42
AFUB_039670-T	25_v_37,25_v_42
AFUB_096010-T	25_v_37,25_v_42
AFUB_031820-T	25_v_37,25_v_42
AFUB_095140-T	25_v_37,25_v_42
AFUB_016220-T	25_v_37,25_v_42
AFUB_022400-T	25_v_37,25_v_42
AFUB_085220-T	25_v_37,25_v_42
AFUB_059430-T	25_v_37,25_v_42
AFUB_023890-T	25_v_37,25_v_42
AFUB_016690-T	25_v_37,25_v_42
AFUB_022540-T	25_v_37,25_v_42
AFUB_026030-T	25_v_37,25_v_42
AFUB_042020-T	25_v_37,25_v_42
AFUB_033200-T	25_v_37,25_v_42
AFUB_057760-T	25_v_37,25_v_42
AFUB_070260-T	25_v_37,25_v_42
AFUB_055220-T	25_v_37,25_v_42
AFUB_043120-T	25_v_37,25_v_42
AFUB_017280-T	25_v_37,25_v_42
AFUB_096270-T	25_v_37,25_v_42
AFUB_052320-T	25_v_37,25_v_42
AFUB_093350-T	25_v_37,25_v_42
AFUB_057020-T	25_v_37,25_v_42
AFUB_077840-T	25_v_37,25_v_42
AFUB_014350-T	25_v_37,25_v_42
AFUB_033580-T	25_v_37,25_v_42
AFUB_029520-T	25_v_37,25_v_42
AFUB_039660-T	25_v_37,25_v_42
AFUB_090370-T	25_v_37,25_v_42
AFUB_068160-T	25_v_37,25_v_42
AFUB_046050-T	25_v_37,25_v_42
AFUB_091970-T	25_v_37,25_v_42
AFUB_082940-T	25_v_37,25_v_42
AFUB_030780-T	25_v_37,25_v_42
AFUB_049820-T	25_v_37,25_v_42
AFUB_101230-T	25_v_37,25_v_42
AFUB_039700-T	25_v_37,25_v_42
AFUB_090180-T	25_v_37,25_v_42
AFUB_001420-T	25_v_37,25_v_42
AFUB_048490-T	25_v_37,25_v_42
AFUB_102030-T	25_v_37,25_v_42
AFUB_024050-T	25_v_37,25_v_42
AFUB_097720-T	25_v_37,25_v_42
AFUB_077400-T	25_v_37,25_v_42
AFUB_068350-T	25_v_37,25_v_42
AFUB_004260-T	25_v_37,25_v_42
AFUB_101990-T	25_v_37,25_v_42
AFUB_048090-T	25_v_37,25_v_42
AFUB_077830-T	25_v_37,25_v_42
AFUB_024290-T	25_v_37,25_v_42
AFUB_015810-T	25_v_37,25_v_42
AFUB_021750-T	25_v_37,25_v_42
AFUB_072600-T	25_v_37,25_v_42
AFUB_014050-T	25_v_37,25_v_42
AFUB_094630-T	25_v_37,25_v_42
AFUB_064490-T	25_v_37,25_v_42
AFUB_088610-T	25_v_37,25_v_42
AFUB_073570-T	25_v_37,25_v_42
AFUB_046030-T	25_v_37,25_v_42
AFUB_075320-T	25_v_37,25_v_42
AFUB_046310-T	25_v_37,25_v_42
AFUB_002890-T	25_v_37,25_v_42
AFUB_024760-T	25_v_37,25_v_42
AFUB_079470-T	25_v_37,25_v_42
AFUB_021050-T	25_v_37,25_v_42
AFUB_000530-T	25_v_37,25_v_42
AFUB_058830-T	25_v_37,25_v_42
AFUB_070240-T	25_v_37,25_v_42
AFUB_085200-T	25_v_37,25_v_42
AFUB_003400-T	25_v_37,25_v_42
AFUB_099350-T	25_v_37,25_v_42
AFUB_019860-T	25_v_37,25_v_42
AFUB_030750-T	25_v_37,25_v_42
AFUB_009430-T	25_v_37,25_v_42
AFUB_031170-T	25_v_37,25_v_42
AFUB_026650-T	25_v_37,25_v_42
AFUB_042970-T	25_v_37,25_v_42
AFUB_094710-T	25_v_37,25_v_42
AFUB_090530-T	25_v_37,25_v_42
AFUB_034110-T	25_v_37,25_v_42
AFUB_025250-T	25_v_37,25_v_42
AFUB_074840-T	25_v_37,25_v_42
AFUB_039140-T	25_v_37,25_v_42
AFUB_022220-T	25_v_37,25_v_42
AFUB_031900-T	25_v_37,25_v_42
AFUB_029130-T	25_v_37,25_v_42
AFUB_030640-T	25_v_37,25_v_42
AFUB_074660-T	25_v_37,25_v_42
AFUB_057290-T	25_v_37,25_v_42
AFUB_034070-T	25_v_37,25_v_42
AFUB_054150-T	25_v_37,25_v_42
AFUB_004580-T	25_v_37,25_v_42
AFUB_039150-T	25_v_37,25_v_42
AFUB_058010-T	25_v_37,25_v_42
AFUB_101070-T	25_v_37,25_v_42
AFUB_005600-T	25_v_37,25_v_42
AFUB_053930-T	25_v_37,25_v_42
AFUB_085610-T	25_v_37,25_v_42
AFUB_026080-T	25_v_37,25_v_42
AFUB_086780-T	25_v_37,25_v_42
AFUB_022390-T	25_v_37,25_v_42
AFUB_001990-T	25_v_37,25_v_42
AFUB_080720-T	25_v_37,25_v_42
AFUB_102100-T	25_v_37,25_v_42
AFUB_099930-T	25_v_37,25_v_42
AFUB_098950-T	25_v_37,25_v_42
AFUB_084880-T	25_v_37,25_v_42
AFUB_089950-T	25_v_37,25_v_42
AFUB_007280-T	25_v_37,25_v_42
AFUB_029430-T	25_v_37,25_v_42
AFUB_020150-T	25_v_37,25_v_42
AFUB_100130-T	25_v_37,25_v_42
AFUB_100220-T	25_v_37,25_v_42
AFUB_042820-T	25_v_37,25_v_42
AFUB_092150-T	25_v_37,25_v_42
AFUB_027510-T	25_v_37,25_v_42
AFUB_014840-T	25_v_37,25_v_42
AFUB_089880-T	25_v_37,25_v_42
AFUB_005330-T	25_v_37,25_v_42
AFUB_060200-T	25_v_37,25_v_42
AFUB_094400-T	25_v_37,25_v_42
AFUB_088250-T	25_v_37,25_v_42
AFUB_099490-T	25_v_37,25_v_42
AFUB_094420-T	25_v_37,25_v_42
AFUB_033970-T	25_v_37,25_v_42
AFUB_073050-T	25_v_37,25_v_42
AFUB_069810-T	25_v_37,25_v_42
AFUB_011400-T	25_v_37,25_v_42
AFUB_070520-T	25_v_37,25_v_42
AFUB_101270-T	25_v_37,25_v_42
AFUB_046990-T	25_v_37,25_v_42
AFUB_036520-T	25_v_37,25_v_42
AFUB_084450-T	25_v_37,25_v_42
AFUB_082079-T	25_v_37,25_v_42
AFUB_035330-T	25_v_37,25_v_42
AFUB_082480-T	25_v_37,25_v_42
AFUB_024060-T	25_v_37,25_v_42
AFUB_043410-T	25_v_37,25_v_42
AFUB_016310-T	25_v_37,25_v_42
AFUB_045890-T	25_v_37,25_v_42
AFUB_101810-T	25_v_37,25_v_42
AFUB_064880-T	25_v_37,25_v_42
AFUB_001120-T	25_v_37,25_v_42
AFUB_018600-T	25_v_37,25_v_42
AFUB_093720-T	25_v_37,25_v_42
AFUB_037210-T	25_v_37,25_v_42
AFUB_028600-T	25_v_37,25_v_42
AFUB_097240-T	25_v_37,25_v_42
AFUB_036090-T	25_v_37,25_v_42
AFUB_073340-T	25_v_37,25_v_42
AFUB_051310-T	25_v_37,25_v_42
AFUB_073900-T	25_v_37,25_v_42
AFUB_084050-T	25_v_37,25_v_42
AFUB_076310-T	25_v_37,25_v_42
AFUB_044360-T	25_v_37,25_v_42
AFUB_086050-T	25_v_37,25_v_42
AFUB_072930-T	25_v_37,25_v_42
AFUB_084890-T	25_v_37,25_v_42
AFUB_054980-T	25_v_37,25_v_42
AFUB_014090-T	25_v_37,25_v_42
AFUB_069770-T	25_v_37,25_v_42
AFUB_088380-T	25_v_37,25_v_42
AFUB_072650-T	25_v_37,25_v_42
AFUB_059440-T	25_v_37,25_v_42
AFUB_035440-T	25_v_37,25_v_42
AFUB_013000-T	25_v_37,25_v_42
AFUB_055435-T	25_v_37,25_v_42
AFUB_023080-T	25_v_37,25_v_42
AFUB_070640-T	25_v_37,25_v_42
AFUB_014300-T	25_v_37,25_v_42
AFUB_067230-T	25_v_37,25_v_42
AFUB_029950-T	25_v_37,25_v_42
AFUB_003150-T	25_v_37,25_v_42
AFUB_020140-T	25_v_37,25_v_42
AFUB_101650-T	25_v_37,25_v_42
AFUB_042200-T	25_v_37,25_v_42
AFUB_082970-T	25_v_37,25_v_42
AFUB_077980-T	25_v_37,25_v_42
AFUB_062510-T	25_v_37,25_v_42
AFUB_046420-T	25_v_37,25_v_42
AFUB_019160-T	25_v_37,25_v_42
AFUB_044240-T	25_v_37,25_v_42
AFUB_021650-T	25_v_37,25_v_42
AFUB_016800-T	25_v_37,25_v_42
AFUB_088810-T	25_v_37,25_v_42
AFUB_018140-T	25_v_37,25_v_42
AFUB_052710-T	25_v_37,25_v_42
AFUB_029000-T	25_v_37,25_v_42
AFUB_100820-T	25_v_37,25_v_42
AFUB_066820-T	25_v_37,25_v_42
AFUB_071030-T	25_v_37,25_v_42
AFUB_035400-T	25_v_37,25_v_42
AFUB_061660-T	25_v_37,25_v_42
AFUB_060190-T	25_v_37,25_v_42
AFUB_015960-T	25_v_37,25_v_42
AFUB_031270-T	25_v_37,25_v_42
AFUB_027080-T	25_v_37,25_v_42
AFUB_055940-T	25_v_37,25_v_42
AFUB_050560-T	25_v_37,25_v_42
AFUB_026020-T	25_v_37,25_v_42
AFUB_038600-T	25_v_37,25_v_42
AFUB_041270-T	25_v_37,25_v_42
AFUB_004040-T	25_v_37,25_v_42
AFUB_005620-T	25_v_37,25_v_42
AFUB_005490-T	25_v_37,25_v_42
AFUB_037120-T	25_v_37,25_v_42
AFUB_050280-T	25_v_37,25_v_42
AFUB_085500-T	25_v_37,25_v_42
AFUB_015230-T	25_v_37,25_v_42
AFUB_048180-T	25_v_37,25_v_42
AFUB_020510-T	25_v_37,25_v_42
AFUB_015060-T	25_v_37,25_v_42
AFUB_032690-T	25_v_37,25_v_42
AFUB_064650-T	25_v_37,25_v_42
AFUB_064910-T	25_v_37,25_v_42
AFUB_071060-T	25_v_37,25_v_42
AFUB_058320-T	25_v_37,25_v_42
AFUB_030870-T	25_v_37,25_v_42
AFUB_101490-T	25_v_37,25_v_42
AFUB_066810-T	25_v_37,25_v_42
AFUB_021440-T	25_v_37,25_v_42
AFUB_045860-T	25_v_37,25_v_42
AFUB_020430-T	25_v_37,25_v_42
AFUB_093700-T	25_v_37,25_v_42
AFUB_098740-T	25_v_37,25_v_42
AFUB_073420-T	25_v_37,25_v_42
AFUB_027530-T	25_v_37,25_v_42
AFUB_085490-T	25_v_37,25_v_42
AFUB_094410-T	25_v_37,25_v_42
AFUB_066540-T	25_v_37,25_v_42
AFUB_049750-T	25_v_37,25_v_42
AFUB_037900-T	25_v_37,25_v_42
AFUB_085080-T	25_v_37,25_v_42
AFUB_059390-T	25_v_37,25_v_42
AFUB_055240-T	25_v_37,25_v_42
AFUB_039650-T	25_v_37,25_v_42
AFUB_100330-T	25_v_37,25_v_42
AFUB_051950-T	25_v_37,25_v_42
AFUB_090120-T	25_v_37,25_v_42
AFUB_094600-T	25_v_37,25_v_42
AFUB_070550-T	25_v_37,25_v_42
AFUB_045880-T	25_v_37,25_v_42
AFUB_074500-T	25_v_37,25_v_42
AFUB_054020-T	25_v_37,25_v_42
AFUB_030370-T	25_v_37,25_v_42
AFUB_001500-T	25_v_37,25_v_42
AFUB_080790-T	25_v_37,25_v_42
AFUB_088280-T	25_v_37,25_v_42
AFUB_039500-T	25_v_37,25_v_42
AFUB_084070-T	25_v_37,25_v_42
AFUB_002010-T	25_v_37,25_v_42
AFUB_049330-T	25_v_37,25_v_42
AFUB_097600-T	25_v_37,25_v_42
AFUB_099880-T	25_v_37,25_v_42
AFUB_054390-T	25_v_37,25_v_42
AFUB_072925-T	25_v_37,25_v_42
AFUB_029750-T	25_v_37,25_v_42
AFUB_050920-T	25_v_37,25_v_42
AFUB_091240-T	25_v_37,25_v_42
AFUB_030140-T	25_v_37,25_v_42
AFUB_013980-T	25_v_37,25_v_42
AFUB_088680-T	25_v_37,25_v_42
AFUB_101830-T	25_v_37,25_v_42
AFUB_081780-T	25_v_37,25_v_42
AFUB_031910-T	25_v_37,25_v_42
AFUB_036070-T	25_v_37,25_v_42
AFUB_090050-T	25_v_37,25_v_42
AFUB_101290-T	25_v_37,25_v_42
AFUB_013100-T	25_v_37,25_v_42
AFUB_014990-T	25_v_37,25_v_42
AFUB_083260-T	25_v_37,25_v_42
AFUB_046510-T	25_v_37,25_v_42
AFUB_084480-T	25_v_37,25_v_42
AFUB_093810-T	25_v_37,25_v_42
AFUB_034120-T	25_v_37,25_v_42
AFUB_063540-T	25_v_37,25_v_42
AFUB_022180-T	25_v_37,25_v_42
AFUB_079490-T	25_v_37,25_v_42
AFUB_010610-T	25_v_37,25_v_42
AFUB_015250-T	25_v_37,25_v_42
AFUB_089780-T	25_v_37,25_v_42
AFUB_049090-T	25_v_37,25_v_42
AFUB_101820-T	25_v_37,25_v_42
AFUB_031560-T	25_v_37,25_v_42
AFUB_073680-T	25_v_37,25_v_42
AFUB_067030-T	25_v_37,25_v_42
AFUB_100290-T	25_v_37,25_v_42
AFUB_019610-T	25_v_37,25_v_42
AFUB_084750-T	25_v_37,25_v_42
AFUB_045210-T	25_v_37,25_v_42
AFUB_084950-T	25_v_37,25_v_42
AFUB_004590-T	25_v_37,25_v_42
AFUB_021400-T	25_v_37,25_v_42
AFUB_026800-T	25_v_37,25_v_42
AFUB_005890-T	25_v_37,25_v_42
AFUB_101250-T	25_v_37,25_v_42
AFUB_093840-T	25_v_37,25_v_42
AFUB_066090-T	25_v_37,25_v_42
AFUB_094390-T	25_v_37,25_v_42
AFUB_072400-T	25_v_37,25_v_42
AFUB_092590-T	25_v_37,25_v_42
AFUB_068660-T	25_v_37,25_v_42
AFUB_073440-T	25_v_37,25_v_42
AFUB_033110-T	25_v_37,25_v_42
AFUB_003090-T	25_v_37,25_v_42
AFUB_072390-T	25_v_37,25_v_42
AFUB_097730-T	25_v_37,25_v_42
AFUB_095110-T	25_v_37,25_v_42
AFUB_097070-T	25_v_37,25_v_42
AFUB_005730-T	25_v_37,25_v_42
AFUB_079800-T	25_v_37,25_v_42,37_v_42
AFUB_084930-T	25_v_37,25_v_42,37_v_42
AFUB_077995-T	25_v_37,25_v_42,37_v_42
AFUB_033130-T	25_v_37,25_v_42,37_v_42
AFUB_004510-T	25_v_37,25_v_42,37_v_42
AFUB_094370-T	25_v_37,25_v_42,37_v_42
AFUB_022260-T	25_v_37,25_v_42,37_v_42
AFUB_049140-T	25_v_37,25_v_42,37_v_42
AFUB_003670-T	25_v_37,25_v_42,37_v_42
AFUB_088500-T	25_v_37,25_v_42,37_v_42
AFUB_059160-T	25_v_37,25_v_42,37_v_42
AFUB_035050-T	25_v_37,25_v_42,37_v_42
AFUB_068710-T	25_v_37,25_v_42,37_v_42
AFUB_028380-T	25_v_37,25_v_42,37_v_42
AFUB_042250-T	25_v_37,25_v_42,37_v_42
AFUB_017560-T	25_v_37,25_v_42,37_v_42
AFUB_100120-T	25_v_37,25_v_42,37_v_42
AFUB_054965-T	25_v_37,25_v_42,37_v_42
AFUB_081320-T	25_v_37,25_v_42,37_v_42
AFUB_044760-T	25_v_37,25_v_42,37_v_42
AFUB_054570-T	25_v_37,25_v_42,37_v_42
AFUB_047810-T	25_v_37,25_v_42,37_v_42
AFUB_024990-T	25_v_37,25_v_42,37_v_42
AFUB_034150-T	25_v_37,25_v_42,37_v_42
AFUB_084470-T	25_v_37,25_v_42,37_v_42
AFUB_081260-T	25_v_37,25_v_42,37_v_42
AFUB_017330-T	25_v_37,25_v_42,37_v_42
AFUB_017340-T	25_v_37,25_v_42,37_v_42
AFUB_080180-T	25_v_37,25_v_42,37_v_42
AFUB_035010-T	25_v_37,25_v_42,37_v_42
AFUB_018360-T	25_v_37,25_v_42,37_v_42
AFUB_092750-T	25_v_37,25_v_42,37_v_42
AFUB_076620-T	25_v_37,25_v_42,37_v_42
AFUB_096500-T	25_v_37,25_v_42,37_v_42
AFUB_050080-T	25_v_37,25_v_42,37_v_42
AFUB_021290-T	25_v_37,25_v_42,37_v_42
AFUB_090710-T	25_v_37,25_v_42,37_v_42
AFUB_017570-T	25_v_37,25_v_42,37_v_42
AFUB_048760-T	25_v_37,25_v_42,37_v_42
AFUB_016260-T	25_v_37,25_v_42,37_v_42
AFUB_031680-T	25_v_37
AFUB_037190-T	25_v_37
AFUB_032010-T	25_v_37
AFUB_029170-T	25_v_37
AFUB_081940-T	25_v_37
AFUB_026000-T	25_v_37
AFUB_039530-T	25_v_37
AFUB_015010-T	25_v_37
AFUB_060670-T	25_v_37
AFUB_041610-T	25_v_37
AFUB_101640-T	25_v_37
AFUB_085790-T	25_v_37
AFUB_056340-T	25_v_37
AFUB_082870-T	25_v_37
AFUB_080260-T	25_v_37
AFUB_066630-T	25_v_37
AFUB_090080-T	25_v_37
AFUB_067480-T	25_v_37
AFUB_040390-T	25_v_37
AFUB_017650-T	25_v_37
AFUB_003290-T	25_v_37
AFUB_091030-T	25_v_37
AFUB_035300-T	25_v_37
AFUB_056720-T	25_v_37
AFUB_076190-T	25_v_37
AFUB_062500-T	25_v_37
AFUB_063950-T	25_v_37
AFUB_100990-T	25_v_37
AFUB_038780-T	25_v_37
AFUB_004920-T	25_v_37
AFUB_010210-T	25_v_37
AFUB_046960-T	25_v_37
AFUB_051920-T	25_v_37
AFUB_093410-T	25_v_37
AFUB_017520-T	25_v_37
AFUB_095100-T	25_v_37
AFUB_060310-T	25_v_37
AFUB_066420-T	25_v_37
AFUB_041250-T	25_v_37
AFUB_096430-T	25_v_37
AFUB_067070-T	25_v_37
AFUB_075050-T	25_v_37
AFUB_058310-T	25_v_37
AFUB_003440-T	25_v_37
AFUB_048250-T	25_v_37
AFUB_026940-T	25_v_37
AFUB_087510-T	25_v_37
AFUB_083970-T	25_v_37
AFUB_051250-T	25_v_37
AFUB_060620-T	25_v_37
AFUB_037510-T	25_v_37
AFUB_080580-T	25_v_37
AFUB_056400-T	25_v_37
AFUB_076520-T	25_v_37
AFUB_023040-T	25_v_37
AFUB_037310-T	25_v_37
AFUB_030300-T	25_v_37
AFUB_041360-T	25_v_37
AFUB_033530-T	25_v_37
AFUB_039290-T	25_v_37
AFUB_047440-T	25_v_37
AFUB_006180-T	25_v_37
AFUB_065670-T	25_v_37
AFUB_087520-T	25_v_37
AFUB_037450-T	25_v_37
AFUB_098750-T	25_v_37
AFUB_096570-T	25_v_37
AFUB_055210-T	25_v_37
AFUB_022380-T	25_v_37
AFUB_025440-T	25_v_37
AFUB_067950-T	25_v_37
AFUB_018220-T	25_v_37
AFUB_098360-T	25_v_37
AFUB_085670-T	25_v_37
AFUB_004970-T	25_v_37
AFUB_077660-T	25_v_37
AFUB_015800-T	25_v_37
AFUB_034200-T	25_v_37
AFUB_067270-T	25_v_37
AFUB_068800-T	25_v_37
AFUB_085970-T	25_v_37
AFUB_099430-T	25_v_37
AFUB_093540-T	25_v_37
AFUB_030420-T	25_v_37
AFUB_057500-T	25_v_37
AFUB_072740-T	25_v_37
AFUB_041740-T	25_v_37
AFUB_033740-T	25_v_37
AFUB_000260-T	25_v_37
AFUB_010030-T	25_v_37
AFUB_079530-T	25_v_37
AFUB_049650-T	25_v_37
AFUB_049630-T	25_v_37
AFUB_023830-T	25_v_37
AFUB_014820-T	25_v_37
AFUB_097060-T	25_v_37
AFUB_043350-T	25_v_37
AFUB_051520-T	25_v_37
AFUB_043130-T	25_v_37
AFUB_025360-T	25_v_37
AFUB_088190-T	25_v_37
AFUB_081500-T	25_v_37
AFUB_037220-T	25_v_37
AFUB_020770-T	25_v_37
AFUB_088290-T	25_v_37
AFUB_041420-T	25_v_37
AFUB_043030-T	25_v_37
AFUB_006770-T	25_v_37
AFUB_047090-T	25_v_37
AFUB_029640-T	25_v_37
AFUB_000050-T	25_v_37
AFUB_091980-T	25_v_37
AFUB_036040-T	25_v_37
AFUB_066710-T	25_v_37
AFUB_003720-T	25_v_37
AFUB_000910-T	25_v_37
AFUB_037920-T	25_v_37
AFUB_086690-T	25_v_37
AFUB_100730-T	25_v_37
AFUB_047510-T	25_v_37
AFUB_076950-T	25_v_37
AFUB_065660-T	25_v_37
AFUB_030430-T	25_v_37
AFUB_049500-T	25_v_37
AFUB_035980-T	25_v_37
AFUB_018660-T	25_v_37
AFUB_013240-T	25_v_37
AFUB_029460-T	25_v_37
AFUB_082440-T	25_v_37
AFUB_033750-T	25_v_37
AFUB_082460-T	25_v_37
AFUB_021710-T	25_v_37
AFUB_094690-T	25_v_37
AFUB_061930-T	25_v_37
AFUB_022650-T	25_v_37
AFUB_081730-T	25_v_37
AFUB_089840-T	25_v_37
AFUB_052070-T	25_v_37
AFUB_017050-T	25_v_37
AFUB_085800-T	25_v_37
AFUB_056860-T	25_v_37
AFUB_036430-T	25_v_37
AFUB_007060-T	25_v_37
AFUB_068240-T	25_v_37
AFUB_051570-T	25_v_37
AFUB_034690-T	25_v_37
AFUB_091120-T	25_v_37
AFUB_002230-T	25_v_37
AFUB_014420-T	25_v_37
AFUB_019530-T	25_v_37
AFUB_039680-T	25_v_37
AFUB_046350-T	25_v_37
AFUB_080270-T	25_v_37
AFUB_012090-T	25_v_37
AFUB_028690-T	25_v_37
AFUB_050690-T	25_v_37
AFUB_094290-T	25_v_37
AFUB_055670-T	25_v_37
AFUB_089990-T	25_v_37
AFUB_051230-T	25_v_37
AFUB_040120-T	25_v_37
AFUB_082990-T	25_v_37
AFUB_000690-T	25_v_37
AFUB_072790-T	25_v_37
AFUB_098510-T	25_v_37
AFUB_053150-T	25_v_37
